{"key":"CZ","per1":0.5482171723627748,"per2":0.516925896061311}
