{"key":"BG","per1":0.2059352235969251,"per2":0.16660519296460813}
