{"key":"EE","per1":0.5450008126557591,"per2":0.476311084624553}
