{"key":"FI","per1":0.7039852373413025,"per2":0.6378741612208007}
