{"key":"RO","per1":0.29466116897456535,"per2":0.2355658938214496}
