{"key":"MT","per1":0.7711713217403472,"per2":0.7059821518800382}
