{"key":"SK","per1":0.43637915356403495,"per2":0.40868283303770536}
