{"key":"IT","per1":0.7290860516424406,"per2":0.6382841923729334}
