{"key":"PT","per1":0.8182603401020736,"per2":0.6456664486836471}
