{"key":"LT","per1":0.6121137830205899,"per2":0.5056887931312163}
