{"key":"AT","per1":0.6261113278142928,"per2":0.560687126842364}
