{"key":"LV","per1":0.45212156158674827,"per2":0.3531807042604217}
