{"key":"DE","per1":0.685317446303726,"per2":0.6136555646645687}
