{"key":"LU","per1":0.617526049818881,"per2":0.5417212365917701}
