{"key":"SE","per1":0.672401854876293,"per2":0.637509684012406}
