{"key":"DK","per1":0.7139277349945378,"per2":0.6973302880436658}
