{"key":"EL","per1":0.5876332326202248,"per2":0.5282890013728517}
