{"key":"BE","per1":0.6940614140754909,"per2":0.6501479721309028}
