{"key":"IE","per1":0.7051758103633038,"per2":0.6481959697367679}
