{"key":"HU","per1":0.5699778064974698,"per2":0.5341571331096309}
