{"key":"FR","per1":0.6976183647420264,"per2":0.6097974938167162}
