{"key":"SI","per1":0.5258235159679006,"per2":0.4235242699778277}
