{"key":"IS","per1":0.7147204051255857,"per2":0.5590112431137988}
