{"key":"NO","per1":0.7253447549920076,"per2":0.6835251640404055}
