{"key":"NL","per1":0.7029851642258246,"per2":0.5909517029501795}
