{"key":"ES","per1":0.7472264472864313,"per2":0.6427305705110645}
