{"key":"PL","per1":0.5140500832785844,"per2":0.4425081388344181}
