{"key":"CY","per1":0.654071767613921,"per2":0.6123433989673481}
