{"key":"HR","per1":0.4528007116516948,"per2":0.4008267283365758}
{"key":"LI","per1":0.6135184659457507,"per2":0.5426484631068211}
