{"key":"IT","per1":0.9331402331172504,"per2":0.8489287106448465}
