{"key":"LV","per1":0.5537476589076177,"per2":0.45961090089057066}
