{"key":"BG","per1":0.3065732344772662,"per2":0.2757213083605875}
