{"key":"IS","per1":1.039256028310427,"per2":1.0171179326804378}
