{"key":"LT","per1":0.761618421542108,"per2":0.6892414346525235}
