{"key":"RO","per1":0.36415548547974885,"per2":0.3217122793489268}
