{"key":"MT","per1":1.0065711250971006,"per2":0.9817371867023891}
