{"key":"HR","per1":0.7032857559239748,"per2":0.6612987284172427}
