{"key":"FR","per1":0.9176607608936064,"per2":0.8350640871574807}
