{"key":"EE","per1":0.7328165125105106,"per2":0.6857884689680249}
