{"key":"SI","per1":0.7976531030275111,"per2":0.7242202651072261}
