{"key":"SE","per1":0.9430706781225451,"per2":0.9230414954758545}
