{"key":"CZ","per1":0.8210917157499091,"per2":0.7818339844430703}
