{"key":"SK","per1":0.6703280720392574,"per2":0.6502646456214903}
