{"key":"ES","per1":0.9970532147080611,"per2":0.9374812133205855}
