{"key":"BE","per1":0.9387497754919883,"per2":0.9089173557839069}
