{"key":"PT","per1":1.039928161434553,"per2":0.9494309793161472}
