{"key":"EL","per1":0.7965690068165622,"per2":0.7664521779989827}
