{"key":"FI","per1":0.9538755906274023,"per2":0.9172005911145501}
