{"key":"DK","per1":0.9914480638672534,"per2":0.9927357531049174}
