{"key":"AT","per1":0.8923891961180244,"per2":0.8446103196530549}
