{"key":"HU","per1":0.8118219641866384,"per2":0.7839685411817414}
