{"key":"CY","per1":0.9367452086319109,"per2":0.9094481515156185}
