{"key":"NO","per1":0.9868490895800691,"per2":0.9708640002433871}
