{"key":"IE","per1":1.04068183102136,"per2":1.0225832130696262}
