{"key":"PL","per1":0.7761558388041127,"per2":0.7152906337895477}
