{"key":"LU","per1":0.8677651642158036,"per2":0.8271942009547988}
